FlyBase_FBgn	DB_Object_Symbol	DB_Object_Name	go_bin	embryo_10h	larvae_1instar	larvae_2instar	larvae_3instar	pupae_P1	pupae_P2	pupae_P3	pupae_P4	pupae_P5	pupae_24h	pupae_48h	imago_5d
FBgn0000114	bru1	bruno 1	BP_function	6.890978666208234	7.389508087975485	6.850427155562569	7.092319170933152	8.72502051338754	8.248919422770992	7.866158244455613	8.561116920972822	8.151343016078785	8.514291531558813	10.563404069280496	11.446371082459109
FBgn0000377	crn	crooked neck	BP_function;CC_component	9.076944917286847	8.882089531975291	8.938345661547894	10.064130825075418	8.564836152100868	8.516807988649612	8.591860114304895	8.569581391440877	8.75326121917591	9.098878613275035	8.737555782175853	7.8999117895062545
FBgn0000426	SmF	Small ribonucleoprotein particle protein SmF	BP_function;CC_component	8.462531477233172	8.874171590540936	9.127072653191034	9.635829406146703	8.02685290499822	7.916460060471011	7.85939418056905	7.914812949314594	8.735463722579878	8.789272139326009	8.006791693002176	7.332829134200298
FBgn0000543	ecd	ecdysoneless	BP_function	8.606588600022526	8.084771180961459	8.081800514409503	9.4814882101245	9.400506676883737	9.359226286516016	9.29596825271416	9.156015135668673	9.64813087104445	9.829651036885025	9.138536882196862	8.066542017624725
FBgn0000615	exu	exuperantia	BP_function;CC_component	5.547586151296524	7.077014580649676	8.393206776446034	8.819128080883456	9.687198984000391	9.616064196844375	9.570748493691026	10.165477265248816	9.795040316053173	9.37521292222842	10.093343871590626	12.688186014554256
FBgn0000662	fl(2)d	female lethal d	BP_function	10.008687952966728	9.003187790784668	8.513270098787046	7.432616152095269	8.901583149120802	8.87382018959296	8.759178991179093	8.590295912557808	8.539737211889118	8.346430007486816	8.37212575851372	8.096243857015628
FBgn0001215	Hrb98DE	Heterogeneous nuclear ribonucleoprotein at 98DE	BP_function	12.580875632132004	10.594703693344831	10.611547616772828	10.456621578789472	11.194245935283865	11.336178573120662	11.261623319510152	11.137755312269357	11.332953162260916	11.369189666953396	10.615694121871348	10.830818738804515
FBgn0001491	l(1)10Bb	lethal (1) 10Bb	BP_function;CC_component	8.685166340968815	8.452829197944968	7.987205683786075	6.549355528414476	7.422427091017956	7.376223786617774	7.299387983794012	7.8512799126662385	7.900648768363868	7.31127387238172	7.415909200391517	7.927613123855966
FBgn0001942	eIF4A	eukaryotic translation initiation factor 4A	BP_function	14.135585837882	14.457708960292376	14.707265281056792	15.086624258812858	14.449256928993776	14.472417740037288	14.606887183295717	14.153591571669693	14.389289008605282	14.89957605185832	14.456576754388012	13.852567092510128
FBgn0001986	Mtr4	Mtr4 helicase	BP_function;CC_component	9.338376654164136	9.193315057295832	8.772904942175723	7.971352515985177	8.137864580960622	8.022453385059736	7.933064162902515	7.957272283431902	8.161664901149166	8.430618535016974	7.927660446163933	8.151261734585177
FBgn0002736	mago	mago nashi	BP_function;CC_component	10.155803289572306	9.89259680193904	10.362223796879135	9.730244971479054	8.942311834065327	9.001519897075875	8.958063932797332	8.659659718839704	9.493364767360701	9.458185085989609	8.823965496958749	8.175196303377547
FBgn0002780	mod	modulo	BP_function	12.0637602076617	13.295219609833117	12.667614375595688	10.146323846232464	10.392061630416753	10.267368949064329	10.251348802069272	9.912628671500157	10.337001123615075	10.293421316004933	10.662399669233992	9.510927161069421
FBgn0003261	Rm62	Rm62	BP_function;CC_component	13.745378191304175	13.150504680145824	12.314483216190936	11.399880317724689	12.174952468289716	12.013200275949123	11.815011275755944	11.708250314965085	12.24947019391376	12.156413787604235	12.039987446316703	11.709310772246411
FBgn0003435	sm	smooth	BP_function	9.527669440745385	8.056985875988085	6.688042103265356	7.381304446250593	9.94051318843343	10.534581877220791	10.212056193636224	10.090900578038424	9.687162444848676	8.964617612692832	10.53458187221125	11.82528566540786
FBgn0003449	snf	sans fille	BP_function;CC_component	9.165567986393727	9.196492098797556	9.539535788027866	9.37508229767794	9.219068101774743	9.29296660389286	9.28961880454252	9.23388288033465	9.769639829171263	10.07677020831343	9.505110007616464	8.505863723121251
FBgn0003741	tra	transformer	BP_function	7.57297213560123	6.234443427788155	5.950922864041248	6.6413453826794	6.46479591616177	6.616063060710111	6.531995410522943	7.0296066774728425	7.453721731492696	7.193132429622698	6.731584023973263	6.4418635022721595
FBgn0003742	tra2	transformer 2	BP_function;CC_component	8.883552501267852	8.319059728949728	8.465041726997384	7.882360400696013	8.200691109670073	8.332281080291898	8.19638814353747	8.629555268417105	8.802442716053635	8.614912007285364	8.374994721284578	8.919353716728006
FBgn0003977	vir	virilizer	BP_function	9.023600469450104	7.727076749931263	7.832427923609724	8.689184740159277	8.497729076474556	8.315762974494794	8.134948050299302	8.418794175273455	8.2875211115347	8.747108734731412	7.950098668122069	7.110649847521312
FBgn0004227	nonA	no on or off transient A	BP_function;CC_component	10.716297757134592	8.525467577809701	8.572989885055332	8.252446198004485	9.820691970946791	9.8208980041773	9.389693888471722	8.881110098524971	9.451174317776326	9.281764062179478	8.85611789696713	8.134378509820401
FBgn0004237	Hrb87F	Heterogeneous nuclear ribonucleoprotein at 87F	BP_function	12.035562656035836	10.935017099447496	10.775556358757967	10.691124687631214	11.844102514963582	11.396956748062808	11.02110592809972	10.235725149038984	10.700194179482722	11.097986405786266	9.795706203435088	9.659181212901352
FBgn0004401	Pep	Protein on ecdysone puffs	BP_function;CC_component	12.935333690934783	10.939760824566084	10.8267816882584	11.221816384569063	11.746707543657218	11.672275110826439	11.522045214509765	11.210393681384238	11.431979454138519	11.890417339555162	10.656684951696798	10.113432506028426
FBgn0004587	B52	B52	BP_function;CC_component	12.41073804532265	12.088056059518191	11.881025289004114	11.396686063579205	11.383062069419061	11.254644974749901	11.3096803842962	11.219921557676772	11.551416922424437	11.983634103577737	10.884826450009944	10.187216991310992
FBgn0004838	Hrb27C	Heterogeneous nuclear ribonucleoprotein at 27C	BP_function	12.9006024512501	11.52119090114888	11.392253860191987	10.256167129293122	11.719780292577923	11.558509196809721	11.018921233269936	10.691966271567678	10.560904642606692	9.23152104772925	9.444230835610924	10.744384864943584
FBgn0004856	Bx42	Bx42	BP_function;CC_component	10.25807971990195	8.897795895694337	9.24177581261224	9.68904399604526	9.227269372593737	9.232632302983218	9.349790565581886	9.063271762593102	9.243192217689101	9.736021305073054	9.328872587202312	8.302484046534401
FBgn0005411	U2af50	U2 small nuclear riboprotein auxiliary factor 50	BP_function;CC_component	10.893036805191665	10.09160902864086	10.14812265505855	10.224083614428448	9.795760209912478	9.79082246374902	9.977461644080009	10.111926493445884	10.369051031116697	10.779284672961808	10.318154610381427	9.381749543789944
FBgn0005648	Pabp2	Pabp2	BP_function;CC_component	10.866740767257307	9.970712036358634	9.62964988183756	8.981630296452412	9.288530405224693	9.265807458805044	9.17787812267808	9.507010465853458	9.10724342249578	8.373315356920772	7.831340274237863	8.401329530051362
FBgn0005649	Rox8	Rox8	BP_function;CC_component	10.982791306829169	9.480698933754509	9.262049986884858	9.112123228431493	10.721482750810294	10.694210571580173	10.404758439500482	10.141645159559944	10.385892418010643	9.602002868585984	9.036037359418913	9.165418543911985
FBgn0010220	Dbp45A	DEAD box protein 45A	BP_function	8.382931834754103	8.962699198467543	8.54011914325521	7.21512677754836	7.050187174796247	7.250968402191084	7.4775594701124115	7.43917677154275	7.547307121612415	7.802677878124109	7.850247599178563	7.604809893777687
FBgn0010247	Parp1	Poly-(ADP-ribose) polymerase 1	BP_function	8.142469817338997	8.021477919455386	7.388372170243497	7.27272464010383	8.106224869510191	8.394988122739488	8.221039542528866	8.061846935402974	8.261553089161742	7.618968856913152	7.934567056655415	8.086114313091711
FBgn0010774	Ref1	RNA and export factor binding protein 1	BP_function;CC_component	11.582199950678742	10.388077497793516	10.682414704466098	10.972180951652003	10.541621450485628	10.68033305184433	10.524104617562225	10.451175417895225	10.769131308293053	11.14512483643909	10.346188849120928	9.40880121557028
FBgn0011224	heph	hephaestus	BP_function	10.018865278360142	9.506519976494705	8.278226901183434	8.280528675186963	10.473376671032637	10.340617160819953	10.2410581231659	10.129871852664387	10.884388868515906	10.196412303645921	9.38452703248176	9.761758231779284
FBgn0011305	Rsf1	Repressor splicing factor 1	BP_function	9.932443753317436	8.736811885252207	7.957562600405141	9.61947423829468	9.590450610343932	9.703907977154396	9.700791543233414	9.585109492071567	10.156682484927318	10.313033657806214	10.011114271766571	8.48893785444095
FBgn0011640	lark	lark	BP_function;CC_component	11.337198376100664	10.15826086669572	10.479344736861222	10.618942593006922	10.661233834718315	10.697551064713418	10.548058396906141	10.605906503614511	10.753400442407402	11.269290419192863	10.28062954020008	9.162057131654583
FBgn0012058	Cdc27	Cell division cycle 27	BP_function;CC_component	9.36322720081691	7.770592069249489	8.179107322680368	7.642971226354695	8.800629177672059	8.710658506272582	8.695412430681989	8.815355925323823	8.59998834394279	8.694540454682807	8.595850470294438	9.274869525816174
FBgn0013435	Cdc2rk	Cdc2-related kinase	BP_function;CC_component	7.518461950090098	7.709291456492138	7.730804244544605	8.770529183076716	7.312549289461873	7.3534223389391675	7.586942007902916	7.163008875106715	7.5115559686543945	7.968249615625873	7.327814864432295	7.060935060472784
FBgn0014024	Rnp4F	RNA-binding protein 4F	BP_function	8.051734374128555	8.767064928095419	8.436737573116215	8.294366345631666	8.245056681710617	8.017050209344164	7.742861053250782	7.83955335716644	8.191575371577066	8.362187984973204	7.741668408462307	7.47659212211401
FBgn0014189	Hel25E	Helicase at 25E	BP_function;CC_component	11.811328051120876	11.496934893291993	11.827654354500693	10.651470265728658	10.823793123093061	10.814779169310548	10.682586788692504	10.370489368986812	11.189127171583175	11.484755961549164	10.3805333310666	9.501473307778324
FBgn0014366	noi	noisette	BP_function;CC_component	9.205782178927128	8.928703520327906	9.100293025975416	9.775230664381832	8.865288596166026	8.837205361303276	8.730086965772216	8.477261205484895	8.941459188133942	9.423330364249756	8.699074324119673	8.1147222430551
FBgn0014870	Psi	P-element somatic inhibitor	BP_function	10.301655749748626	9.288683942432332	8.47203144478837	7.936417980679843	9.530520824161421	9.497117876293428	9.090400779144112	9.132405389014407	9.457162017732273	9.22224461058508	8.605223045663903	8.323111557955288
FBgn0015331	abs	abstrakt	BP_function;CC_component	8.493403192923234	7.821115317770511	7.342957298908808	8.209263373873425	8.412534202668484	8.380449492589465	8.351922919581488	8.002937610854834	8.302023008293613	8.615730121377744	8.085745108525058	8.051699496645675
FBgn0015778	rin	rasputin	CC_component	11.383532267534221	10.77115215122945	10.296949140442097	9.426135658156904	11.161449475910715	11.136261994028274	10.721658440307928	10.499751735410035	10.773402319612444	9.851202109058285	9.510467512676238	10.51015073521882
FBgn0015818	Spx	Spliceosomal protein on the X	BP_function;CC_component	8.627858136099293	8.359380232631565	8.90777466461925	8.973068010204855	8.217476969078207	8.173053358614327	7.864524510907387	7.99965094978257	8.355571918907813	8.527076749777022	7.845585393797498	7.32628389765656
FBgn0016978	snRNP-U1-70K	small ribonucleoprotein particle U1 subunit 70K	BP_function;CC_component	10.345002792749291	9.619678026968035	9.282042767165844	9.976968039118912	9.167283633763036	9.127628518568587	8.99388289437015	8.990103553565282	9.255721729522442	9.591374465405979	8.641246686462573	8.467696242736542
FBgn0017457	U2af38	U2 small nuclear riboprotein auxiliary factor 38	BP_function;CC_component	9.756865728162174	9.09799299901937	9.313465056572689	9.809274101568093	8.857164180109459	8.987552895787653	8.876042319833163	8.953796461060337	9.347102705731489	9.553383894182309	9.01511701390753	8.751655042709814
FBgn0020306	dom	domino	BP_function	11.697015576876682	10.870892418606656	10.825420873103171	9.799629159851426	10.650216848500913	10.337068324297894	10.051124497374396	10.80587310574438	10.405296510325366	9.985157892211491	9.404455759176546	9.312186015240497
FBgn0021895	ytr	yantar	BP_function;CC_component	10.498970329325175	9.706888666889345	9.429137804080405	9.150590511097878	9.778022284397766	9.801499537141623	9.787427545408129	10.049266712887464	9.772773733484827	9.837085364943437	9.011265023030418	8.767632293683409
FBgn0022224	ubl	ubiquitin like	BP_function	7.699876355871287	7.869910154834176	8.47203144478837	8.819128080883456	7.623453458009213	7.67831302536769	7.828924553982147	7.786300072356224	7.957312639792506	8.329536836079734	8.14113754675607	7.695617987438787
FBgn0022942	Cbp80	cap binding protein 80	BP_function;CC_component	9.129472086285718	9.017633062566112	8.592357346980357	8.335095972257784	9.116720071772113	9.03149379124397	8.998846239474267	8.951685442601907	9.127569497522718	9.102822149198886	8.416907164575045	7.703883110329149
FBgn0022943	Cbp20	cap binding protein 20	BP_function;CC_component	8.3904888242651	8.570295886880213	8.294100523176253	9.335568920811538	8.0206200352892	8.184861530488353	8.276641751081051	8.253212475801247	8.70360353953603	8.884327534188918	8.846399017249196	8.69103384649926
FBgn0022959	yps	ypsilon schachtel	BP_function;CC_component	11.776633916988688	11.993586003214885	11.875118691195087	10.409851487699877	11.211024864615382	11.105588996756147	10.957139100645739	10.563879760360797	10.957331438718954	11.152724495761156	11.268298701241838	11.20894599084554
FBgn0022984	qkr58E-3	quaking related 58E-3	BP_function	9.47004448241685	8.398598693847823	8.035284801631539	7.826175314352967	8.774578598436092	8.888166484116105	8.808269819420834	8.882927392348444	8.673597660477217	8.712359742037918	8.447891798413272	8.57224583069086
FBgn0022985	qkr58E-2	quaking related 58E-2	BP_function	9.762218718405094	9.215408571257065	8.948393370935948	8.02220402985494	8.706070844137322	8.64775040820063	8.767617354525369	8.704241572073906	8.408040773806638	8.694558904090902	9.004528938015696	8.698006830705465
FBgn0022986	qkr58E-1	quaking related 58E-1	BP_function;CC_component	9.368625686548183	7.796077451078937	7.843285067156658	6.500902570950509	8.064035071246197	7.984782429601338	7.669197193202604	7.641428784449302	7.666509507808428	7.5510282844931	6.853195489257822	7.0906434872396575
FBgn0022987	qkr54B	quaking related 54B	BP_function	6.554793411305746	6.728807259179713	6.612084959571876	6.28735201119028	7.971675053723872	8.012236052598068	8.255584788670543	7.935606574697874	8.094603501449749	7.1512968087834965	8.196376090779207	7.29012352044096
FBgn0023167	SmD3	Small ribonucleoprotein particle protein SmD3	BP_function;CC_component	9.006941523345391	9.57645061733238	9.34040835017395	10.413017124065249	9.21056976694095	9.054582971254447	8.971690419841982	8.81658555830611	9.471770553438217	9.861955337322565	8.949121650195318	8.339286764336093
FBgn0023216	Parg	Poly(ADP-ribose) glycohydrolase	BP_function	7.083910918940686	6.990377445383495	7.072385474976769	6.72750981838123	6.750536526424072	6.706856946310882	6.707752800269042	6.294505985885915	6.7635880625898075	6.652430350961924	6.70517558834855	6.87957559027426
FBgn0023441	fus	fusilli	BP_function	10.638029761389744	9.042568675080023	8.91291514143495	8.475264750995956	9.799633350155517	10.065256108038485	10.11383768370832	9.84895886239583	9.558277688422658	9.230044026506652	9.462982650662697	9.733907526123362
FBgn0023506	Es2	Es2	BP_function;CC_component	7.483830655817258	6.798991193337711	7.053607797907127	6.88513324350806	7.253349601722185	7.349439961548765	7.321396130842051	7.455435850059332	7.384789940448079	7.40029855050861	7.398363623806646	7.694018163215588
FBgn0024191	sip1	septin interacting protein 1	BP_function;CC_component	7.729992173731844	7.005195992396965	7.145072048734018	8.194575068500086	7.541883614163282	7.621960270836073	7.583131443707096	7.528099959328043	7.514152565483687	8.012766678799244	7.465302815486798	7.620453391501326
FBgn0024285	Srp54	Splicing regulatory protein 54	BP_function;CC_component	10.599183657998049	9.369711953497166	9.942520933915532	10.24909888920674	10.147358295489285	10.026811879512238	9.956448446871809	9.790254317020752	10.027998843278333	10.538094536467831	9.417498150939258	8.351100546868295
FBgn0024542	Neos	Neosin	BP_function;CC_component	7.978798475819822	7.260470962618267	7.296032356367231	7.57625826821453	7.478876324914964	7.809152223746661	7.784545319526079	7.81695175642852	8.160217635621635	8.55522228338363	8.030146499695187	8.136009607665516
FBgn0024887	kin17	kin17	BP_function;CC_component	8.374970879693146	7.568303659573602	7.417857617187154	7.407193032496539	8.093506735381544	8.145460772709194	8.524516448397662	8.518982543747002	8.254335531881289	8.460790228510527	8.215673850339423	7.964528643362866
FBgn0024987	ssx	sister-of-Sex-lethal	BP_function	10.020339268756054	8.749855475613188	8.630326428686194	8.64671911675176	9.250490341115993	9.212083091870364	9.1153394341861	9.056401730560827	9.264374180680775	9.216472960653428	8.851947847417001	8.641423310219519
FBgn0024998	CG2685		BP_function;CC_component	8.527649438636455	7.947702543145304	8.05407291781422	8.546319863013133	7.889571442960233	7.91851277572684	7.888210772053547	7.800256497260464	8.055197246896675	8.508463663900669	7.868459176715805	7.298476446573479
FBgn0025571	SF1	Splicing factor 1	BP_function;CC_component	10.630105400091955	9.733367612721258	9.578847972721588	9.574930812437566	9.409130840427581	9.415030070248683	9.0958037659255	9.283970409151442	9.235142194774458	9.6953880952404	8.873338138194912	8.983740441720704
FBgn0026713	Prp16	pre-mRNA processing factor 16	BP_function;CC_component	9.183403792640414	8.701439266912946	8.75010208693566	10.354944527508728	8.710199400934485	8.6592342427745	8.561928918865233	8.534617859928337	8.664711894788404	8.869050056531826	8.025799475000266	7.4436732946058655
FBgn0027548	nito	spenito	BP_function;CC_component	10.066415526926868	8.632674582126263	8.533453778331534	8.374701188175981	9.462192216497023	9.302309042287087	9.096114329560992	8.815372681634178	9.166989952669383	9.356015729913755	8.066414019629773	7.5799524168537324
FBgn0027587	Prp4k	Pre-mRNA processing factor 4 kinase	BP_function;CC_component	9.240346635687759	8.52039920103799	8.348314373662069	7.529975781640278	8.062773696468655	8.069793299951625	7.9869725422709585	7.948781565428298	8.029953838537688	7.928210917156516	7.728293906511342	7.699009142037241
FBgn0027616	Ythdc1	YTH domain containing 1	BP_function	10.657116191360842	9.318148424317416	8.70930585767208	9.400835083273469	9.555747720061397	9.419709157822284	9.235249035176567	9.398520205390641	9.813224376475807	9.867196890458862	8.89481065219258	8.777305547341399
FBgn0027617	Ppil4	Peptidyl-prolyl cis/trans isomerase-like 4	BP_function;CC_component	7.591998782695744	7.272701993269974	7.053607797907127	6.28735201119028	6.893220583498789	6.736557421260088	6.479390130490067	6.3971426154246345	7.23067309540897	7.246744895875286	6.277858458362501	6.372644537168905
FBgn0027784	Prp18	Prp18	BP_function;CC_component	8.086627557799972	7.663831090233101	7.832427923609724	7.529975781640278	7.458814220035573	7.491686544581501	7.599946756680418	7.5482453903653735	7.576000407807108	7.917254932032179	7.491383767972073	7.216482207816417
FBgn0028382	cyp33	cyclophilin-33	BP_function;CC_component	8.035085113952114	7.885811314963974	8.37093610614301	9.14297881947722	7.794952307471372	7.826021234485843	7.841679244267927	7.901843142828551	8.306232455758243	8.552021298421609	8.124071852114097	7.439093973680277
FBgn0028474	CG4119		BP_function;CC_component	9.699007736294256	8.9922579086229	8.54675372770797	8.856858677513005	8.886086097590052	8.904326546003299	8.590201905338185	8.703511765191484	8.922812714557878	9.15354346445618	8.364371498549842	7.641943398442656
FBgn0028554	x16	x16 splicing factor	BP_function;CC_component	10.863747219588852	9.91397341708613	9.109275018672854	9.031961289922778	9.78122019267849	9.633776623978832	9.45290597793044	9.116601362373247	10.009681351428137	10.079694625901736	8.933783616094052	7.523739892929896
FBgn0028577	hfp	half pint	BP_function;CC_component	10.459198082818363	9.614938508227931	8.755836783318731	9.088539747230683	9.612649913678064	9.460207883555993	9.45901657929898	9.627462441324829	9.533015951302724	9.589127015591673	8.880780638346485	9.187980385731223
FBgn0028897	CG4935		BP_function;CC_component	6.139903828404478	5.910288609642221	5.659344947200654	6.88513324350806	6.225339102898978	6.3078797701358065	6.428442691694605	6.553806731591094	6.90102674269454	7.014856508328575	6.901439801145206	7.62802768689999
FBgn0028919	CG16865		BP_function;CC_component	7.619927045457253	7.272701993269974	7.6213685070421775	8.280528675186963	7.242719729836506	7.259363819733145	7.396022350500524	7.413695017015116	7.628419130201834	8.119124916782246	7.664333357961752	7.275988697796471
FBgn0029079	icln	icln	CC_component	7.017794027151109	8.184412599878547	8.806445412981812	9.41985204056874	8.00750179028176	8.112741461814359	7.7311883545869735	7.875131146136462	8.641394253157147	9.015041599360911	7.9506769995794215	6.610885687273568
FBgn0029094	asf1	anti-silencing factor 1	BP_function	8.583737524002204	9.144798750267782	9.30957454823288	8.49934245222702	8.268737550852446	8.285859911802243	8.216481242334202	8.147549611080494	9.164789808572916	8.512074994583024	7.757606972629716	7.250259418034048
FBgn0029133	REG	Proteasome regulator gamma	BP_function;CC_component	10.640754038582806	11.248145597447722	11.58308977582995	9.915787421094157	9.799568266219211	9.652493485494551	9.539972172297462	9.361020749973713	9.99489929392458	10.270831810860358	10.036381045560352	9.722162515653586
FBgn0029751	CG17764		BP_function;CC_component	4.628185777351479	4.087379039712932	4.087379039712932	4.930710619023788	5.340805169118792	5.421729411963722	5.133426439646317	5.90566883160989	5.303190503315729	5.206008445383891	5.394631302710889	7.877540391719205
FBgn0029880	CG14443		BP_function	4.827031288808386	4.769247943849541	4.870780771177857	5.1132625661463775	4.969600606686922	4.796520739474541	4.824659027076834	5.272458788683353	5.131722824082426	5.115273535740874	5.313369180727254	5.307484721632896
FBgn0029887	CG3198		BP_function;CC_component	8.97321704059199	8.473960588546452	7.906748769072512	7.57625826821453	8.243262809178292	8.156275308535895	7.957240967251774	7.934910333094709	8.098279707593468	8.12999766041265	7.8576120872531865	8.349734789071933
FBgn0029941	ZC3H18	Zinc finger CCCH-type containing 18	BP_function;CC_component	11.000166854322083	10.046572453115507	9.617116284627404	9.856554035844416	10.294918740736671	10.03933337996664	9.791028416116923	10.1478140678931	9.99066392486552	10.366571569790827	9.301402650911058	8.822447881693664
FBgn0029979	mahe	maheshvara	BP_function	10.079666034787019	8.594609154390035	7.6213685070421775	7.244220450649619	8.880668568032734	8.795559251318622	8.61544127226023	8.787792107287636	8.759521638715645	8.0288426853421	8.234829628242647	8.761528266513677
FBgn0030085	CG6999		BP_function	5.13964896200542	5.1846221043706535	4.087379039712932	6.166011669424526	6.165237853425658	6.444327039462213	6.438800930878469	6.84706032257368	6.92315290894152	7.00706803994638	7.214422349511122	7.68567185017868
FBgn0030365	Tango4	Transport and Golgi organization 4	BP_function;CC_component	9.233699621821243	8.560454213474	9.122643824127096	10.006611608503349	8.26009490615383	8.357145723813083	8.194439970181088	8.07903817479721	8.395512844321301	8.779826496495	8.272214256020966	7.1525601112373876
FBgn0030468	CG1622		BP_function;CC_component	9.478172713807268	8.924876173845862	8.598755595329651	9.06456355737488	7.898778754274723	7.939816707653892	7.554498071151262	7.85834166281596	8.413635530049218	8.258617645772397	7.353663108317715	7.163355474419248
FBgn0030474	CG15747		BP_function;CC_component	8.104710377413413	7.486966428848489	7.358258434781888	7.664530818671585	7.339511418601876	7.378502959326812	7.183858819623013	7.078509382017984	7.333909220155121	7.590882814239038	7.349289003666402	6.96867417658452
FBgn0030479	Rbp1-like	Rbp1-like	BP_function;CC_component	10.706648258282272	9.151362804935491	8.196110605869393	7.432616152095269	9.337663070644416	9.551780209306484	9.629005258238678	9.471576651363657	9.70122021974622	9.543436133639672	9.389809608903912	8.53329105209867
FBgn0030625	CG5877		BP_function;CC_component	7.575331407093798	6.535741413942206	6.55898073935547	6.59613025138789	7.802712010939086	7.811000625834606	7.976378246810967	7.866099321714057	7.813761284612991	7.746852025911566	7.858994653418993	8.649568005031528
FBgn0030631	Prp5	pre-mRNA processing factor 5	BP_function;CC_component	8.750986039796596	7.924806408338944	8.126852049025887	8.920596253456502	8.311401301752682	8.211685207435798	7.979509700722988	7.888923735206923	8.219502114610203	8.5254558020768	7.718519517950889	6.709851689556508
FBgn0030655	CG9213		BP_function	7.870227522373305	7.104738971444086	7.0152771655831065	6.921879970090296	7.241372890307592	7.324420950388421	7.377548132583324	7.1503870891604935	7.424664467902207	7.8203213250950405	7.247401063720507	6.373618474378225
FBgn0030915	CG6179		BP_function;CC_component	8.13143905206494	6.798991193337711	7.145072048734018	6.398410188820038	7.134682001091913	7.111657658939616	6.873225499777457	7.083230135828894	7.268263834342615	7.530410558009337	7.272601069350493	6.996445870363675
FBgn0030969	Usp39	Ubiquitin specific protease 39	BP_function;CC_component	8.609588527489308	8.259419009822071	8.685463315013994	8.83811706188194	8.18634473935766	8.210530578749689	8.20265016258841	7.794536985587233	8.52727929929868	8.827830766522622	7.961928372223256	7.172088101622183
FBgn0030974	Flacc	Fl(2)d-associated complex component	BP_function	10.045786350627386	8.68794693352059	8.035284801631539	8.678685347371344	9.154024129993662	8.99208569698518	8.938602015232634	9.007780133002301	8.954230471728813	9.176912269015098	8.383356409611663	8.200459745148677
FBgn0031022	CG12204		BP_function	6.581633023219315	5.910288609642221	6.221981372300883	8.294366345631666	6.20642110670529	6.281673046519462	6.3388444300211715	6.280877027230988	6.920598360126253	7.518713713806959	6.478920421377535	5.919326677698294
FBgn0031062	CG14230		BP_function	8.614923970451443	9.27372258468162	8.86597609574779	7.59884574498246	7.084216815842127	6.9776628496274045	6.644826769988441	6.8362871694739455	7.154453130095944	7.404990009355011	7.047351628808724	6.646918730751125
FBgn0031114	cactin	cactin	BP_function;CC_component	7.9952160438290845	7.578150657510974	7.671048466621066	9.569264829258762	7.994768866744813	7.936651472202268	8.143326954402612	7.99491822820428	8.128604760744553	8.508653282003193	7.700663313589115	6.914231136850716
FBgn0031224	CG11454		BP_function	7.766432468712861	8.31320602600611	8.436737573116215	10.428741911937362	8.011794459706076	8.167573171894105	8.399614290637302	8.283018780458528	8.50440444878092	8.91741265758971	8.612151533151643	7.8617625511102
FBgn0031229	CG3436		BP_function;CC_component	8.870352086355398	8.94391192875285	8.679440387119739	9.188056959509996	8.682144735706993	8.783758748361537	8.73756498506316	8.642783455069596	9.013335763210915	8.793388582128104	8.658944723798982	7.851321586434454
FBgn0031266	Sf3b1	Splicing factor 3b subunit 1	BP_function;CC_component	9.673573666467044	8.792499078945513	8.943378284319428	9.870440865116324	9.247606061759472	9.285776094315883	9.210378160207739	9.095917240430595	9.186775829436497	9.987905199723842	9.374075202511717	8.240446177835429
FBgn0031287	CG4291		BP_function;CC_component	7.710750599692911	7.048729090935873	7.053607797907127	7.767686353450084	7.0662226197778075	7.0677253163910505	7.089789142974648	7.193006024563978	7.0980944123809415	7.410579186753433	7.182798532278075	7.1283542231723525
FBgn0031318	CG4887		BP_function;CC_component	9.52006762098538	8.530518135608556	8.31758634383182	8.614025848858619	8.38394255756132	8.39405560484707	8.187599944307062	8.177610833385364	8.30323836870027	8.340989115424852	7.870606495616893	8.176905324284128
FBgn0031319	CG4896		BP_function	8.666527547192239	8.056985875988085	7.230931262826742	7.685768540695498	7.78829374266087	7.774467475640338	7.51913813720268	7.890077538450128	8.252765563313822	7.879726525652266	7.896714656472774	8.705463641116717
FBgn0031452	Cwc25	Cwc25	BP_function;CC_component	7.907437699502263	7.548402357979661	7.417857617187154	6.88513324350806	7.554394731687959	7.6127685278805375	7.499600834576846	7.171164538401999	7.592215877873719	7.914860047035816	7.169270277458218	6.804578425722582
FBgn0031456	Tnpo-SR	Transportin-Serine/Arginine rich	BP_function	8.49500298146696	7.568303659573602	7.403191754346945	7.706693987257539	7.980708706318023	7.869143005432605	7.541033579134791	7.363290292767265	7.674825331469457	8.008589438424861	7.446115861342348	7.105356976415885
FBgn0031492	Prp40	pre-mRNA processing factor 40	BP_function;CC_component	9.062849653061896	8.138774453332504	8.407864201228032	7.953991985879032	8.372713010420828	8.245905175402394	8.225687957965112	8.0823343897606	8.3177714117243	8.560096566236833	7.849235249249524	7.232335370753163
FBgn0031493	Sf3b2	Splicing factor 3b subunit 2	BP_function;CC_component	9.585503885593711	8.850152934044502	9.040503226711255	9.41985204056874	9.081584477679023	9.034345971381098	9.067504086552495	8.88989472580694	9.112273397494413	9.511278433248519	8.951102083520674	7.948387309667241
FBgn0031601	Dim1	Dim1	BP_function;CC_component	7.611915105116743	7.770592069249489	8.15321795591147	9.989747122752709	7.488263624120086	7.763313954304497	7.849830768396341	7.8584818018677085	8.08048556140768	8.219293339831399	7.948616161868341	7.553935997236823
FBgn0031628	CG3294		BP_function;CC_component	6.566610024093621	6.334649464591674	6.32270714310132	6.450637843374812	6.193891824231173	6.060468803345951	6.023357202745998	6.6473882051061155	6.341282922432325	6.551194825290513	5.84841390105358	6.568641487278607
FBgn0031631	CG3225		BP_function;CC_component	6.907896467983271	6.208143904465869	6.074224908000818	6.768639878983078	6.669244939171546	6.677836038068402	6.384276532943943	6.711193076846217	6.473499190797014	6.658237647130676	6.477469424541972	6.657849412145592
FBgn0031822	Phf5a	PHD finger protein 5a	BP_function;CC_component	8.08766139266484	7.962765336942046	8.526757344791047	7.664530818671585	7.448290509971762	7.510199303530527	7.794407055538325	7.483851139999789	7.924010008899335	8.168032325546582	7.925816911841301	7.411970249030982
FBgn0031883	Caper	Caper	BP_function;CC_component	10.637469483053062	9.803772444053546	9.374325432570377	9.652001073821037	9.583605415864755	9.51554869403934	9.362674024450959	9.633963801105565	9.522400308714225	9.627127033331	9.406490836265029	9.66624622892438
FBgn0031961	CG7102		CC_component	7.770957645460503	6.208143904465869	5.659344947200654	6.28735201119028	6.859887915397756	6.70363755233024	6.353716826698297	6.270828914884042	7.320333940744212	7.961271489206271	6.126872373916299	4.644995676392832
FBgn0032016	Mettl14	Methyltransferase like 14	BP_function	8.188607670478104	7.645232289214414	7.967512084332491	7.882360400696013	7.71151159589354	7.700060122065396	7.614450625420868	7.590948608104758	8.207192584629668	8.291752295195591	7.638509738206289	7.060010692285688
FBgn0032240	CG17768		BP_function;CC_component	8.841448098152272	9.485900287416866	9.645165152576151	10.051996965685763	8.118516337079177	8.207517120815607	8.518025668318396	8.397439320016103	8.700744531370932	9.138534759218857	9.214691944026422	8.03255194812789
FBgn0032248	Bug22	Basal body up regulated gene 22	BP_function;CC_component	8.252842563395838	8.247187331057646	8.278226901183434	9.048354705710077	8.100436196426125	8.105813427088647	8.107833573215546	8.268054552895025	8.767833937016077	8.990137245312328	8.76477760518234	9.66155785059714
FBgn0032250	holn1	hole-in-one	CC_component	7.783796787872807	7.29684994454189	7.373395541779008	6.921879970090296	7.557464002198383	7.576977116893551	7.58647550941095	7.339641418183664	7.758435386047218	7.702610332919981	7.371797341417345	7.4685106866664634
FBgn0032388	CG6686		BP_function;CC_component	9.793047848240358	8.683421205984585	8.65509314201194	8.557828058452193	8.962679547298704	8.89062811034139	8.889797391001656	8.817763062684984	9.039023127047562	9.149045999049843	8.628580658959336	8.360141183108052
FBgn0032690	CG10333		BP_function;CC_component	8.792462094258944	8.277573082584647	8.301971934762479	9.253134336037984	8.618124250052553	8.47746624649537	8.554901204383148	8.249901703961791	8.459544553205111	9.049212777206145	8.60679774073999	7.7236757972217704
FBgn0032812	Hakai	Hakai	BP_function	8.763504051489422	8.056985875988085	7.719052049451654	9.056481941425204	7.674755586246192	7.697302953236824	7.548885675931157	7.424150887049447	7.734979568941586	8.218605420935505	7.737890925417969	7.23854427234221
FBgn0032822	CG10466		BP_function;CC_component	7.227503997692215	6.260222498475981	6.55898073935547	6.59613025138789	6.413095107735043	6.4960123976272826	6.46615045305058	6.183793157006754	6.15785376410368	6.449529140613488	6.285311497661625	6.433219467952291
FBgn0033062	Ars2	Arsenic resistance protein 2	BP_function;CC_component	10.554991075948474	9.424920302329578	9.522833858481825	9.546375485940237	9.643759042361538	9.75167819485225	9.680869995332808	9.533259938123933	9.440560722739294	9.723471807675912	8.946608968751134	8.610101231524025
FBgn0033089	CG17266		BP_function;CC_component	7.350394761753158	7.992422955858259	8.333032622875379	8.920596253456502	7.052195931120589	6.982951022763422	6.943269400309956	6.971139555963013	7.483244640611363	7.686770296418467	7.196987665831515	7.252347610576929
FBgn0033160	Dhx15	DEAH-box helicase 15	BP_function;CC_component	10.207656942947446	10.19840619374171	10.06059843130675	9.06456355737488	9.073968770300516	9.009213493793547	8.802572625265046	8.921883974820274	9.16579436062903	9.642458989380827	8.923856200885435	8.952292035461825
FBgn0033210	U2A	U2A	BP_function;CC_component	7.972973069550707	8.415084019133507	8.237756636869626	8.252446198004485	7.6855215266932255	7.710560866060681	7.7092403614279235	7.276555723626276	7.941663493187278	8.330114820070813	7.572507753599761	6.853158913573776
FBgn0033378	tsu	tsunagi	BP_function;CC_component	9.366265534012848	9.157897076371718	9.681734277257624	9.865826768109445	8.950094737741084	8.987096291664365	9.069783102150335	8.478076441464202	9.124198445650686	9.418385592498192	8.876069983585436	8.307446603085024
FBgn0033450	Lsm11	Lsm11	BP_function	5.340814177138252	5.729331014959562	5.993384989823869	5.510547580287039	6.379252361298227	6.372992151244283	5.854295976264736	5.483938812572742	6.92783115508336	6.14017984393707	6.132877560146123	5.985582169448944
FBgn0033527	CG11777		CC_component	7.392412030295675	7.005195992396965	7.460964542344497	7.185418073083407	6.7062293010087215	6.670087779742135	6.592577732777607	6.894193603675954	7.361988712010038	7.308306059123108	6.793431092878714	7.040997807657928
FBgn0033556	CG12343		BP_function;CC_component	8.273326264778314	8.084771180961459	7.864754645709228	6.344047420382294	7.9488886343404195	8.079036626249353	8.207130056042873	8.037167253152182	8.168531465553256	8.152914775815232	8.369860104904799	8.58502738306376
FBgn0033615	CG7741		BP_function	7.93112441621624	7.885811314963974	7.4889902312613	7.27272464010383	6.916938065503572	6.9016897086597835	6.982228054436246	6.964999666481333	7.193963953728776	7.12423066751301	6.809837861148755	6.662647069442879
FBgn0033688	Prp8	pre-mRNA processing factor 8	BP_function;CC_component	11.08389666862827	10.093313426326926	9.85450896391998	10.027418567617262	10.144240366881812	9.967275412442776	10.01757980368132	10.278746882637506	10.207228867879692	10.265440832676598	9.578051261598992	8.755667131222259
FBgn0033859	fand	fandango	BP_function;CC_component	8.52456732652709	8.203535388743965	8.70338218364985	9.740363811158376	8.560670593586224	8.53366362322568	8.465963492890927	8.335908979937384	8.495326660578513	9.159100325125088	8.183951953709292	8.083238406810077
FBgn0033862	CG6209		BP_function;CC_component	4.5174735627018014	4.087379039712932	4.087379039712932	4.930710619023788	6.144782482683039	6.052430150751616	5.860328059375941	6.692197420325257	6.260639945217352	5.514282284840593	6.320964551440358	9.81218454608185
FBgn0034000	CG11808		BP_function;CC_component	7.049295961597205	6.815991518212582	7.145072048734018	6.8473843233102185	6.669184955573768	6.9951246529038	6.760668734398077	6.708179960427767	7.098150319944217	7.4209353786241	6.7028877895447065	6.678137541440447
FBgn0034084	CG8435		BP_function	7.788698054049603	7.682189861799773	8.044709698607102	8.26655618240777	7.34084966845066	7.4446084096392395	7.5697367934851165	7.740882167342213	7.6357341648282855	7.980032642705872	7.664999855304967	7.151401073483814
FBgn0034109	CG7747		BP_function;CC_component	7.331289331566727	7.104738971444086	7.090914164062929	8.055127627968936	7.2879235569654135	7.109087565879953	7.361545156659571	7.03141989173031	7.250973110687326	7.67254379407072	7.2359157667541885	6.679905723651697
FBgn0034402	CG15084		BP_function;CC_component	6.3806259137803565	6.285503074622195	6.416277031873136	6.032045205596872	6.030205566029513	5.935981903341944	5.997883492844473	5.9394734967404785	5.882762172999804	6.216801525633791	6.105600844391336	6.307747854036752
FBgn0034564	CG9344		BP_function;CC_component	8.334081527032009	8.599422833288818	9.031080362100871	9.388016226160271	8.181600760264603	8.330466950548441	8.338608413410606	8.32598094108117	8.714977235015503	9.232237305096097	8.739463745817234	7.59323478124454
FBgn0034659	CG4021		BP_function	4.087379039712932	4.087379039712932	4.087379039712932	6.228095572091732	7.416795413012205	7.397646914785166	7.302539980435863	7.902011254275802	7.611261584314515	7.6576295066375435	8.01587644839738	9.083082803609127
FBgn0034731	CG10384		BP_function	6.063180451019254	6.692320849680852	5.543393224872833	5.3946812414014405	5.1787211313909	5.137299288195461	5.123810685567931	5.418562158962217	5.2746756880031045	5.3850087446355515	6.051263746643895	6.1841814035733025
FBgn0034739	CG3927		BP_function	4.555133882460047	4.087379039712932	4.543353440876066	6.100786324901399	7.147045306670918	7.011532767927921	6.8520100037169565	7.74921093998262	7.437268502956144	7.439814055212377	7.792356833016406	8.70910017090764
FBgn0034740	nsr	novel spermatogenesis regulator	BP_function	4.491139645036371	4.645826144343388	4.087379039712932	6.768639878983078	6.920166396648454	7.080948869279154	6.872643708359422	7.458323752860909	7.238979246046793	7.334641281004406	7.541150251881898	8.356891535247533
FBgn0035021	CG4622		CC_component	8.312738755324068	7.538346066686692	7.388372170243497	7.21512677754836	7.6988268641970485	7.913441210717431	7.855350011395149	7.9967117786393915	7.8281375542180465	8.216761542082205	8.012013252061	7.721054273610423
FBgn0035027	CG3511		CC_component	7.744270860003431	7.804472342083318	8.044709698607102	8.689184740159277	7.265316366272981	7.193715282628003	7.1254258601548655	6.993057003898799	7.399396857663143	7.662651331011972	7.295064400060283	6.911206969032935
FBgn0035141	Cypl	Cyclophilin-like	BP_function;CC_component	7.519326102988509	7.538346066686692	8.006631711433375	8.209263373873425	7.429782978891615	7.4112377911497775	7.3420512261923845	7.289282120258051	7.718938406276441	8.281630012613027	7.545278613831023	7.089812176390434
FBgn0035162	Sf3b3	Splicing factor 3b subunit 3	BP_function;CC_component	12.167063116594498	12.251878240792726	11.364414798856142	9.714932273141928	10.05500344047619	9.776022034394977	9.381952854621476	9.397176808855596	9.619273794251443	9.538918490483319	8.693479309802276	8.700390030911615
FBgn0035235	CG7879		BP_function	8.476286695843955	7.709291456492138	7.695252609780357	7.0266231894513576	7.855162461560525	7.928322249118327	7.621401578279415	7.874271706023211	7.699063858157097	7.622296738042087	7.522821574395949	7.331725689030832
FBgn0035253	Srrm234	Serine-arginine repetitive matrix 2/3/4	BP_function;CC_component	10.615202616070853	9.731179516503596	9.05916593205403	8.964454486061875	9.31303011511219	9.20170899541625	9.010584728306453	9.285223570755209	9.278974084480971	9.317331993796113	8.816586395372115	9.211599184922578
FBgn0035254	CG7974		BP_function;CC_component	7.609752599218003	7.272701993269974	6.688042103265356	6.957678247269612	6.561945457854424	6.60224554939834	6.645071561453279	6.898400758559372	6.76691655184214	6.826414059530191	6.5810692616731545	7.134613008688501
FBgn0035271	CG2021		BP_function;CC_component	7.366115838117381	7.700314802099013	8.15321795591147	9.557865597715084	7.029029618026517	7.242201439201518	7.279025310124216	7.633418959357782	7.768526480198723	8.189140552339468	7.888185259917567	7.239578552042244
FBgn0035294	Mfap1	Microfibril-associated protein 1	BP_function;CC_component	8.751960179791144	7.486966428848489	7.5698889829932705	8.43837392954942	8.246864410760226	8.137522819658878	8.199089416891741	8.17939227402053	8.106292002327017	8.661375687344584	8.077976266528438	7.418287997274072
FBgn0035520	CG11586		BP_function;CC_component	8.15888719784533	7.861892659965123	7.719052049451654	8.534718742936018	7.633062865303622	7.704691297267512	8.00730333725617	7.884279651452874	7.95173995561431	8.369870122040767	8.36797212689052	8.030865174472057
FBgn0035675	CG6610		BP_function;CC_component	7.139219683446307	8.365048914164456	8.450959389520513	7.685768540695498	7.027558839001589	7.076992342487426	7.171108671507589	7.047617985387229	7.852079241566288	7.918680376256623	7.4721009012184965	7.148413886068386
FBgn0035692	Sf3b6	Splicing factor 3b subunit 6	BP_function;CC_component	9.75899705972739	9.791224670959457	10.106145813524185	9.789919256397557	10.979077984957426	11.1302835742516	11.048860651471314	10.942848094041956	11.419508744457994	11.151048641294599	10.621040792009106	8.90290977014043
FBgn0035720	CG10077		BP_function	11.993134564378606	10.511750741087353	9.746459265013996	9.67855708357389	10.57105224325244	10.54481411402766	10.307565719344671	10.647581137137868	10.291013783977855	9.98450447540252	10.24722931713623	11.463592137074002
FBgn0035838	ldbr	lariat debranching enzyme	BP_function	7.015992821230458	6.929472221405453	7.127251145106458	7.988504741088353	6.569823927690454	6.811959827949004	6.7572783630384246	6.595110636526553	7.1392999681853695	7.279349866466564	6.521782256858436	6.277667180661723
FBgn0035872	Cpsf6	Cleavage and polyadenylation specific factor 6	BP_function	10.84100898598652	9.666235301494988	9.786184482356724	9.4814882101245	9.973847933754426	9.949838412049466	9.698816298004761	9.527509194976142	9.947223478508802	10.176453193717302	9.158059401255953	8.403974343410033
FBgn0036018	CG3335		BP_function	8.748676225414505	9.161153127748031	8.90261575994416	7.936417980679843	7.019048751957539	6.982362242285251	7.116575126335441	6.97940874644981	7.209352305574751	7.370638701142187	7.550964451330242	7.037704911552176
FBgn0036020	Cyp40	Cyclophilin 40	CC_component	7.700530182979112	7.853829876541608	8.553357815829454	9.06456355737488	8.466517683270615	8.652745407874805	9.20747682795034	9.57858353221742	9.572031048499108	9.540251471321545	9.099430265609776	9.055435449195146
FBgn0036063	CG6674		CC_component	7.36063914575539	6.798991193337711	6.759997654488663	6.59613025138789	6.9673334942892255	7.081499514749685	7.021354855386494	7.000330321849177	7.068867356563316	7.386062907528424	7.519390402168619	7.70920389352739
FBgn0036207	CG10907		BP_function;CC_component	7.490952927101738	7.034368514440186	7.311848125587356	7.059857440506017	7.080598694962437	7.208953215279437	7.155030367357731	7.066172209738581	7.421797178636532	7.599603396100858	7.115251439444152	7.935491742706122
FBgn0036277	CG10418		BP_function;CC_component	8.020147645764519	8.295500209183702	8.301971934762479	9.534793031677014	7.268337440926519	7.084362648280421	7.066790200890501	7.3802819832902316	7.920089728562743	8.190882418743618	7.446774157843365	7.2516677314767035
FBgn0036314	Sf3a2	Splicing factor 3a subunit 2	BP_function;CC_component	8.582030561101819	8.796694721768116	9.122643824127096	8.973068010204855	8.643023474682307	8.741046781682883	8.762575784709943	8.63504136442095	8.941763844275394	9.579031388098217	8.927264774175526	7.8603314904957005
FBgn0036317	anw	angel wing	BP_function	8.76227167835998	7.548402357979661	6.55898073935547	6.72750981838123	7.4225282399647305	7.343088328506966	7.06861313850592	7.414439945398976	7.275495467808572	7.069221106356342	7.232708206346239	7.779738940502152
FBgn0036340	Srrm1	Serine-arginine repetitive matrix 1	BP_function;CC_component	10.37339078151302	8.425969992758388	8.450959389520513	8.335095972257784	9.288838739846943	9.002378992982395	8.76617535043784	8.732119476360376	9.085771966694407	9.523557982555944	8.506455145224555	7.705242121904161
FBgn0036386	CG8833		BP_function;CC_component	7.073070356494362	6.382031538875286	6.416277031873136	6.344047420382294	6.898512133896632	7.033196680971031	7.065839873508465	6.669989383479989	6.992067483388108	6.987257633635404	6.991102249254145	6.793743565824019
FBgn0036487	Prp31	Pre-mRNA processing factor 31	BP_function;CC_component	9.177851193549374	8.779838219991078	9.157698844672687	9.714932273141928	8.522914133465127	8.639457557980924	8.711204459433654	8.527136990588458	8.823190335244831	9.341163768697326	9.034370223409935	8.453893517734878
FBgn0036641	Smn	survival motor neuron	BP_function	8.456012927806885	7.727076749931263	7.906748769072512	8.194575068500086	8.335090312432166	8.55931904988462	8.502523433290618	8.542214346771598	9.139561692872016	9.177968761274661	8.618865456983222	8.380181576314184
FBgn0036733	U4-U6-60K	U4-U6 small nuclear riboprotein factor 60K	BP_function;CC_component	8.252027335076166	7.700314802099013	7.987205683786075	8.103134919959587	7.825982812169522	7.844212115055498	8.017773023737808	7.861998918478409	7.957656656735818	8.371317386541557	7.9770334691394895	7.10560147263278
FBgn0036734	CG7564		BP_function;CC_component	10.8437959221633	9.673090983325936	8.75010208693566	8.413242718650196	9.281820870394222	9.30422368667016	9.191761667132807	9.119423603368219	10.144398791757828	9.997847767411265	9.734421328691306	8.857545233908283
FBgn0036828	Prp6	pre-mRNA processing factor 6	BP_function;CC_component	8.838139074945026	8.228641888161757	8.161899833226368	8.294366345631666	7.919720292853756	7.921130162713431	7.987874977754494	7.699924145359415	8.027068105138655	8.351870946767564	7.977426436633521	7.642082422447011
FBgn0036850	Gem2	Gemin 2	CC_component	6.938815235848279	6.63569629714015	6.416277031873136	4.930710619023788	6.5888649276191416	6.649199712320807	6.592361804749085	6.641049293480495	7.25525720998827	6.925098680858326	6.620349321425735	6.972874441433464
FBgn0036915	Prp3	Precursor RNA processing 3	BP_function;CC_component	9.367118258157022	8.642035483841786	8.973209990015118	9.46327258867309	8.977012791974353	8.870401954319256	8.885389589914569	8.834564428742679	8.98438567524824	9.2518306034923	8.462348381234841	8.128686238249292
FBgn0036964	FRG1	FSHD region gene 1	CC_component	8.110884518965712	7.893695976719921	8.262175606569665	8.463072812490383	8.043146866031918	8.121732928111468	8.261644444673268	8.060743153795928	8.1366795000932	7.933785482679738	7.8605176777917976	7.4361300171741185
FBgn0037081	barc	barricade	BP_function;CC_component	8.562718701254006	8.381921834386342	8.422373473669431	8.780381206509569	8.467884450264071	8.552351388553289	8.45577459816665	7.8220998961647	8.432070842679677	8.47833775147775	8.254804123207494	8.325292020532002
FBgn0037220	CG14641		BP_function;CC_component	9.613183211530563	9.252512142936146	9.69967671756275	9.007015747660265	9.456242091460497	9.538572689012225	9.752081575620418	9.209528507738305	9.602066119234975	9.865870413089404	9.59493178233813	8.868910008249618
FBgn0037342	CG2931		BP_function;CC_component	8.036672793149926	7.985066028967008	8.090924950208802	8.678685347371344	7.892227384561806	8.069107614667752	8.14880425449434	8.209838732858108	8.374399782299253	9.022978208452843	8.510400880053233	7.871765669505852
FBgn0037344	CG2926		BP_function	10.541933572965455	8.728049967286731	8.513270098787046	8.361620531403924	9.50994085911646	9.34046224818637	9.052983949803673	9.524265394819762	9.161710032868163	9.044608947692721	8.675422774596845	8.733893115026094
FBgn0037466	CG1965		BP_function;CC_component	8.477644538537692	8.228641888161757	7.608672445404909	7.354932669814298	7.956910478129093	7.771098865531578	7.564888300410004	7.67766176792487	7.802996215676761	7.442886249510001	7.217665755967144	7.851358126475425
FBgn0037531	CG10445		BP_function	5.502501625545999	4.872363189003362	5.480540487800248	5.3946812414014405	5.6836441469487236	5.596676985769608	5.505424476889675	5.3197885211016525	5.891200868347464	5.403720023227572	4.960106017890186	5.22418304272016
FBgn0037550	CG9667		BP_function;CC_component	8.213858860007724	8.510208482330661	8.605125484796549	9.457149184600487	7.627056098942666	7.60570081482821	7.764990341746519	7.575284596979248	7.808181232501795	8.272604467546472	7.691516344959531	7.22831160236645
FBgn0037573	CG7483		BP_function;CC_component	10.53299559040528	9.84684906569908	10.201556871301918	9.072600063865924	9.44014666552758	9.381958113786874	9.386509358143352	9.19577139366916	9.502393434846603	9.785853869254117	9.348861664221195	8.903407833301314
FBgn0037583	Veneno	Veneno	BP_function;CC_component	7.938036034423093	8.084771180961459	7.906748769072512	7.185418073083407	8.29316201476726	8.404237811116966	8.236278872852745	7.518698611530618	7.934563546528241	7.738542095509956	7.588432760809038	7.39267152964
FBgn0037644	CG11964		CC_component	8.941994569824013	8.745520743336172	8.642763123510438	9.94670221047982	8.269428430459598	8.326893523626557	8.282088374687573	8.024703520229208	8.512771514015274	9.003720524604455	8.407283495053774	7.883222615830779
FBgn0037660	beag	beag	BP_function;CC_component	8.579385687093682	7.645232289214414	7.516472386347607	7.900607870761987	8.101017956877977	8.048767484174084	8.191576654371893	8.02764601233395	7.909901945282052	8.471796713241448	8.190457096366716	7.6226295128516055
FBgn0037707	RnpS1	RNA-binding protein S1	BP_function	10.156283253117737	9.240250174967084	9.450491960531757	9.335568920811538	8.908573733423824	8.881830222771661	8.838618532215424	8.929748766566204	9.347619434934389	9.792332367593891	8.963300060807398	8.127057252151246
FBgn0037716	Son	Son RNA binding protein	BP_function	7.683380235655522	7.235685338510526	7.145072048734018	7.57625826821453	7.569995434123609	7.53520245672673	7.525548635678714	7.570207330469358	7.493566454935345	7.850114986700071	7.434233008473671	7.7427010207360105
FBgn0037737	Pnn	Pinin	BP_function;CC_component	8.436549819706613	7.284827707391489	6.91456288445978	6.166011669424526	6.886399015534875	7.071781908754763	6.68298798911334	6.689247918119906	6.995203932180877	6.740172820621915	6.810789620041306	6.5747638345139405
FBgn0037882	CG17187		BP_function;CC_component	6.718954568009514	6.556331476592635	6.663190498596164	6.28735201119028	6.393224831590427	6.612563385894071	6.429770939531049	6.34448933361638	6.529808146970335	6.886992143862565	6.585311126841522	6.635679251649486
FBgn0038046	CG5641		BP_function;CC_component	9.393755719543938	8.604220442912695	9.021595416025455	10.79668600086461	9.22906019956958	9.258585607663722	9.219995977263949	9.1152675789504	9.68024770485864	10.464250520915558	9.798864899727553	8.584763568238172
FBgn0038344	obe	obelus	BP_function;CC_component	7.758551601567152	7.787632843346243	8.325330271739238	8.164738907312087	8.186701139408326	8.193846268966057	8.03956951465207	7.985274017697272	7.7151970077679435	7.939649714354434	7.6940953234075815	7.515403976621644
FBgn0038345	maca	maca	BP_function	4.087379039712932	4.087379039712932	4.087379039712932	5.1132625661463775	6.694342081818472	6.526381143140163	6.554796334113674	7.163384539603058	6.93588192608856	6.941367334716721	7.4704145541258855	8.838304057176238
FBgn0038454	Gpkow	G-patch domain and KOW motifs	BP_function;CC_component	7.361285930609416	6.382031538875286	6.385814591967839	5.711094113773018	6.5177541404404735	6.5670883056831535	6.431094071367117	6.3890067643410235	6.649688508273812	6.488898691732857	6.237634910955901	6.18186818394387
FBgn0038590	CG12320		CC_component	6.79526120608607	7.034368514440186	7.072385474976769	8.374701188175981	7.0391435820698085	6.966370090969253	7.132310997649088	7.156109863153746	7.442316999729617	7.756758997847953	7.202160125302182	6.944593744974822
FBgn0038666	Smu1	Smu1 spliceosomal factor	BP_function;CC_component	8.365131203559832	8.028650364559718	8.187634184634117	8.94707123937347	7.82113238181076	7.91974911608438	7.885319862124276	7.833184700989292	8.087340783793962	8.59153483797079	8.265652724570591	7.204008139310034
FBgn0038704	Aptx	aprataxin	BP_function;CC_component	8.59026135316121	8.3364788748161	8.270223712682252	7.747644318903861	8.730799719738984	8.994429377324904	9.019986980517798	8.455631017980242	8.583037886541716	8.688541161218687	8.850939269458424	8.458797724505393
FBgn0038772	mdlc	midlife crisis	BP_function;CC_component	6.659644512135444	7.29684994454189	7.502797906787445	7.0266231894513576	6.648528992913087	6.6997804519308195	6.501403282502587	6.252599786724809	7.118771212170377	6.985248198671457	6.396429637983768	6.598149548584499
FBgn0038826	Syp	Syncrip	BP_function;CC_component	5.442773664544688	4.872363189003362	7.695252609780357	8.809538764991856	11.28981866527189	11.02347370671721	10.543379861050967	10.832739992162445	10.177455340672454	9.130973061205466	10.03724079340141	11.775906815754352
FBgn0038887	CG7907		BP_function	4.087379039712932	4.087379039712932	4.087379039712932	6.228095572091732	6.93443437061903	6.941387306646686	6.908905630863262	7.115212726056707	7.0028256930954385	7.075953986216664	7.36049108452949	7.919346989247624
FBgn0038927	CG6015		BP_function;CC_component	8.5055563944578	7.753345090945904	7.917057147150455	8.49934245222702	8.112321198477998	8.086011028940819	8.050471203880383	8.167964102642879	8.326936116111797	8.519126118464667	8.01398703722194	7.422006711096956
FBgn0039117	tst	twister	BP_function	7.6522744667020035	7.735886794096335	8.135694724258503	8.511231614039449	8.247062087125643	8.073990558142786	8.072600095982542	8.015764241875397	8.197186128350845	8.521536995137497	8.024240713192937	7.361688687857396
FBgn0039124	tbrd-1	testis-specifically expressed bromodomain containing protein-1	BP_function;CC_component	4.467633237119063	4.087379039712932	4.729595836901523	5.882103265196471	7.254859331962614	7.306046208896501	7.30123764290984	7.560941773979479	7.518895045682675	7.575959602417613	7.807989662685949	8.64403070781238
FBgn0039139	Mettl3	Methyltransferase like 3	BP_function	7.581724407319559	7.005195992396965	6.89351274976205	7.8069443195396016	7.512504580080278	7.3973734633376145	7.327854626820259	7.395387612317975	8.309832513850546	8.1425118639819	7.389831846975761	7.606462011192803
FBgn0039182	Rrp5	Ribosomal RNA Processing 5	BP_function	9.841829940607338	10.185680874099583	9.481941331649082	7.882360400696013	7.812095074937783	7.775981481837191	7.630945334285614	7.782096259973456	7.954328810188051	8.052250663688943	8.100485933483457	7.380365527328654
FBgn0039210	CG13625		BP_function;CC_component	7.9741509250202816	7.4444778567705505	7.475046692852702	8.280528675186963	7.845658974043732	7.7046497249098325	7.9097437314930525	7.623501087371309	7.76849442920529	8.26623296129177	7.652920975730134	6.783955441057323
FBgn0039229	Saf-B	Scaffold attachment factor B	BP_function	10.827357374625942	9.561748490941012	8.795351925564308	9.657351560246564	9.52381824411871	9.517427047879915	9.145917835127273	9.489468087567401	9.570632081494933	9.536619339531294	8.848056487186993	8.663705670286188
FBgn0039270	PQBP1	Poly-glutamine tract binding protein 1	BP_function;CC_component	7.330341783738395	7.090945476454655	7.417857617187154	7.185418073083407	7.141978449010941	7.157911687414849	7.336830994359008	7.07289953453802	7.2663881316902055	7.6299302350644735	7.6301923735871044	6.733910218667603
FBgn0039271	CG11839		CC_component	6.733563644752043	6.514832194900055	6.446058704363611	5.959335964818362	6.192833068345162	6.32056253451815	6.403845233396269	6.257320651581355	6.6684723162060395	6.691081972354536	6.37290857907955	6.527131290564189
FBgn0039488	Nkap	NFKB activating protein	BP_function;CC_component	7.603983350547146	7.4444778567705505	7.502797906787445	6.6413453826794	7.122322895918387	7.016402592219133	6.873544410636646	6.517426731485759	7.178913232939259	7.28892655291903	6.656180509967942	6.3135729561423615
FBgn0039558	BCAS2	BCAS2	BP_function;CC_component	8.226086983488392	8.203535388743965	8.278226901183434	8.321647512542985	7.896179703600878	7.71473298601077	7.553902437786406	7.524795776436792	8.061319046134832	8.256590130593354	7.453586192182118	7.022046092609959
FBgn0039566	CG4849		BP_function;CC_component	8.826666082002427	9.017633062566112	9.274078921318836	9.444823756781377	8.65397548912282	8.408410700130238	8.338839940275722	8.175395328244655	8.795134524649322	9.1595060713216	8.164462535104525	7.361816130920725
FBgn0039581	Moca-cyp	Moca-cyp	BP_function;CC_component	10.064699852621471	9.711335739369206	9.381755348572788	9.714932273141928	9.307173363775204	9.030442249645981	8.98508447091368	9.110624283080762	9.369465108867772	9.53899419135241	8.923934404282326	8.93659761378602
FBgn0039600	Prp39	pre-mRNA processing factor 39	BP_function;CC_component	10.309181012065899	9.44642466197256	9.144653005732604	10.134864944388198	9.439256493609342	9.268340328513299	9.24359456083315	9.358415113608595	9.494019263804567	9.94111789014677	9.166832016003156	8.806417033620829
FBgn0039626	Slu7	Slu7	BP_function;CC_component	8.384113944953048	7.663831090233101	7.658790223850516	7.57625826821453	7.56774877497985	7.580222783875057	7.619428497964453	7.735581363871358	7.717189070373177	7.964114453898496	7.522884319523641	7.1397621513853045
FBgn0039732	CG15525		CC_component	7.888505147837496	7.272701993269974	7.180048347810628	6.450637843374812	7.249236951658169	7.388545133967657	7.208616510657349	7.292010409570053	7.654287419272291	7.374682048601604	7.3253330546823	6.960131289727566
FBgn0039870	CG1896		BP_function	6.891106883154131	7.320591103968837	7.58293482796159	8.17973464819074	6.966830848209434	6.949358882919977	7.07994472676069	6.925597253032634	7.56527992275122	7.366419388387072	6.813558853770616	7.070625258393214
FBgn0039920	CG11360		BP_function	9.267887110054614	8.62797117127521	7.053607797907127	6.6413453826794	7.425567068401257	7.316847430650275	7.283467984164328	7.368463803130598	7.582817164989919	6.491643784827783	7.177852324617462	7.830135962954276
FBgn0039977	Spf30	Splicing factor 30	BP_function;CC_component	9.326491642193455	8.68794693352059	8.117954432793242	7.354932669814298	7.817974849976525	7.991341329027224	7.7039292112621744	8.36889231018999	7.780806354780929	6.9432670041607	7.244547647917884	8.347233020812789
FBgn0040235	c12.1	c12.1	BP_function;CC_component	9.698801277692915	8.862212379505221	8.881793182157383	8.635903772462795	8.941920465179892	8.995938917321018	8.917627899710041	8.94871920044338	9.127183881694913	9.168481146935088	8.826478702507538	8.07667966553752
FBgn0040534	Sf3b5	Splicing factor 3b subunit 5	BP_function;CC_component	8.275312917834748	8.158511955737477	8.592357346980357	7.300663300753991	7.810342037755326	7.85430845857524	7.810800873932983	7.824565949040724	8.109877420234962	8.35973492234684	8.058407650629361	7.527773887927327
FBgn0043455	CG5986		BP_function	8.604044204417692	8.184412599878547	8.072617540905178	7.664530818671585	8.297145630768512	8.252816819924167	8.251202262421769	8.40634096379774	7.978233045703468	7.902241957673637	7.943979243814965	8.199922043333716
FBgn0045862	btz	barentsz	BP_function	9.520496332862127	8.510208482330661	8.325330271739238	8.591809748963172	9.087073416114736	9.17160662849187	9.500328552318386	8.486711093944253	8.712853516859743	9.167879017269572	8.770947211802623	7.862211832958049
FBgn0050122	CG30122		BP_function;CC_component	11.290680314882119	9.955798710393418	9.740693804461948	10.060097539571323	10.216956323851676	9.974355800494408	9.767197789626735	9.94272832848055	10.023938444233517	10.131260033260547	9.519107129375032	9.134162237117605
FBgn0050342	Prp38	pre-mRNA processing factor 38	BP_function;CC_component	8.586767458186467	7.837566354595952	7.875369536189528	9.348860819570609	8.057110965589914	8.014019939509806	7.907780767622927	7.669248336280281	8.08318683583166	8.487376134306974	7.882240417290082	7.444159100418567
FBgn0051184	LSm3	Like Sm 3	BP_function;CC_component	8.053136571817252	8.365048914164456	8.630326428686194	9.750412117587285	7.45620745303767	7.436017111517123	7.396638575686812	7.585762762127643	8.149419959755493	8.21766262203955	7.574759264741505	7.192505015646936
FBgn0051368	salsa	salsa	BP_function;CC_component	8.675412283300512	7.4552201087032755	7.947543369679635	8.43837392954942	8.121564944166662	7.858666419785512	7.862146881301368	7.827831492746848	8.18282698458145	8.520787544404504	7.673600206439793	7.19442528200543
FBgn0051922	CG31922		BP_function	6.203700687125569	5.841131129471557	5.7131839414844	4.687886633506821	5.718490607890594	5.583581885184	5.689814949282121	6.174732322483899	5.995018582956411	6.064298916293757	6.088763269606003	5.801516964499612
FBgn0052062	Rbfox1	RNA-binding Fox protein 1	BP_function	10.572107644197247	8.618517924118795	7.32748846224592	6.921879970090296	8.942155504554679	8.867967435287065	9.025960179591578	9.256333193425638	8.991564969212417	8.392994222703347	8.791808971116481	8.671777154300623
FBgn0067622	LSm-4	Like Sm protein 4	BP_function	6.281380742944093	6.556331476592635	6.221981372300883	6.100786324901399	6.019258575559953	6.30763982687078	6.47211997777773	6.616988915974581	6.495399176118773	6.3964554133476215	6.714593377757223	6.59575887426524
FBgn0082831	pps	protein partner of snf	BP_function	9.06223306044018	8.277573082584647	8.450959389520513	8.74056161570062	9.140167716652824	8.874408113315825	8.787668566682035	9.356921543526342	9.181801771834598	9.26993009760959	8.481853213081136	8.295575189840136
FBgn0085342	CG34313		BP_function	5.9833824593988	5.363258540851577	5.543393224872833	5.1132625661463775	5.266973883565601	5.565875801064119	5.684635673441768	5.5462491683049295	5.555141568464555	5.406784217146331	5.163214738683819	6.049069678158581
FBgn0085383	CG34354		BP_function	5.952124019999856	6.944950624725502	5.265769872677602	4.087379039712932	5.624790175366708	5.46844666574361	5.411681235037281	5.890842227719877	5.749271873190107	5.168789460386507	6.06591605738918	5.935452864116268
FBgn0085391	trv	trivet	BP_function	7.662551205381372	7.977671050745723	5.906954887712315	4.930710619023788	6.3018423100990155	6.105976574573464	6.110756746958567	6.449519777131921	6.073833456044535	5.51152297184253	6.445537179595898	6.608625576163415
FBgn0086444	l(2)37Cb	lethal (2) 37Cb	BP_function;CC_component	8.199358382371203	7.21045507124999	7.516472386347607	8.103134919959587	7.4940788471700275	7.355289442289678	7.318405209363907	7.223948165985054	7.420798653078973	7.9775807359169635	7.114577382703746	6.742408251060037
FBgn0086683	Spf45	Spf45	BP_function;CC_component	9.374495808507914	8.494785549261678	8.355894644899701	8.055127627968936	8.54278656074232	8.612063217931547	8.564960612941642	8.915923088149142	8.748121222348887	8.663571227260112	8.404617945029063	8.168797361975011
FBgn0086707	ncm	nucampholin	BP_function;CC_component	9.74943527289278	8.82982648070762	8.44386608947013	8.055127627968936	8.581418608009294	8.738410033278107	8.378023058657027	8.127071138074477	8.515609691067779	8.246107371257073	7.987067385075996	8.283190986814775
FBgn0086895	pea	peanuts	BP_function;CC_component	8.447151325241558	7.597642158762907	7.683201996075379	7.727316325233056	8.059485429741168	8.04018887907928	8.078596471357258	7.844774571494431	7.905020193910915	8.161930055030549	7.71876468640529	6.963427095739959
FBgn0259139	glo	glorund	BP_function	11.34645211609164	9.874867986526812	9.348014782236984	9.66268225929178	10.438337848571246	10.394317574463827	10.045982975183662	9.939320716190684	10.225043109144288	10.349393647595546	9.36385239491618	8.80532760433559
FBgn0260944	Rbp1	RNA-binding protein 1	BP_function	10.045852044505905	10.01094572833824	10.50507348360511	10.10776799219486	9.116273653508808	9.158096941655396	9.270676351180851	8.983658761534022	9.400520514597552	9.858808034730687	9.01927475213707	9.021899102844024
FBgn0261068	LSm7	Like Sm 7	BP_function;CC_component	8.405292163560048	8.958961311632187	8.897438294476855	8.770529183076716	7.964959669869825	8.048611535347497	8.055048812288431	7.887033730532689	8.479260267525886	8.731545289401899	8.15439254273875	7.69057397759865
FBgn0261119	Prp19	Pre-RNA processing factor 19	BP_function;CC_component	9.69619373212573	9.682181464327414	9.9374898405753	9.342230198835985	8.994540586019227	8.8888326289255	8.815391132647866	8.624278621172078	9.213645295952828	9.57310702894347	8.686184903426154	7.762166934011233
FBgn0261287	ymp	yellow-emperor	BP_function;CC_component	4.969168231254649	4.483485372272551	4.087379039712932	5.1132625661463775	6.560803857462744	6.572392457849644	6.217482292951807	7.474619936308948	6.844405930011021	6.034225174736615	7.3164195814985655	10.673553288216693
FBgn0261552	ps	pasilla	BP_function	11.10763837502092	10.11193003389904	9.917188052686477	8.964454486061875	8.89624804685971	9.248198444070065	9.454784636539125	10.141544463240711	8.913804854597084	8.244944723264803	8.915362249860237	11.183299093942175
FBgn0261641	CG42724		BP_function;CC_component	10.321556190635974	8.754177182291484	8.31758634383182	8.209263373873425	8.907721268339188	8.717899211684225	8.44315491640048	8.788706697529124	8.742343784740045	8.82270239178939	8.340653816413605	8.386437748194568
FBgn0261648	salm	spalt major	BP_function	9.622928270179766	6.764347369819271	6.446058704363611	5.882103265196471	7.504265769726152	7.50714660202642	7.088034222164307	7.594949683392689	7.272452321083603	7.3991757854302564	7.537673280708592	7.198588967704294
FBgn0261789	SmD2	Small ribonucleoprotein particle protein SmD2	BP_function;CC_component	9.7140980365626	10.062321722411456	10.32225716291734	10.393918233615135	9.238561604978422	9.158825292283819	9.303427850516693	8.995880415717806	9.77190871552858	9.965968390021915	9.513952281352955	8.728825352712137
FBgn0261790	SmE	Small ribonucleoprotein particle protein SmE	BP_function;CC_component	9.037185840102776	9.78068411518386	9.827566478483249	9.14297881947722	8.678548456745618	8.620525019205934	8.577210442434355	8.588347113054388	9.383464148734927	9.419247405818238	8.645221663271181	8.307338383665138
FBgn0261791	SNRPG	Small nuclear ribonucleoprotein G	BP_function;CC_component	9.20082992191192	9.955798710393418	9.914630110807018	9.993981772189422	8.552931448605442	8.392622170101156	8.294601015576255	8.887717868401062	9.445993622566638	9.606575655099315	8.768077953930407	8.355483063490938
FBgn0261792	snRNP-U1-C	small ribonucleoprotein particle U1 subunit C	BP_function;CC_component	8.729112539204992	8.565383476178589	8.673392122073283	8.678685347371344	8.528746486789819	8.70216751692459	8.786724915664523	8.7416535796297	8.861607256372231	8.974496582144225	8.538523299510375	8.172478026366019
FBgn0261933	SmD1	Small ribonucleoprotein particle protein SmD1	BP_function;CC_component	8.290103821360617	8.928703520327906	9.021595416025455	8.799885098317379	8.220833274945148	8.14342878964736	7.904330462816997	8.033812510450494	8.890044801351735	8.77431035030052	7.786874043092928	7.963126440909792
FBgn0261984	Ire1	Inositol-requiring enzyme-1	BP_function	8.838792821317211	8.484410813684121	8.636558226298835	8.118786130876606	8.943102204738446	8.906533723987812	8.787702765607316	8.150536524417726	8.534987878294444	8.580395625353685	8.479516761462936	8.751413671324334
FBgn0262475	bru2	bruno 2	BP_function	8.957048518615002	8.370695291485092	7.799351729913171	8.005453644120927	8.116427419491544	7.563342229133259	7.562971745007616	7.93220719704562	7.417290730806506	6.463386395434576	7.588775145927809	8.811358517389664
FBgn0262601	SmB	Small ribonucleoprotein particle protein SmB	BP_function;CC_component	10.07653941873622	10.474311385419696	10.491408623430582	11.02485652767174	9.135973820661533	9.175685488835326	9.217911053979075	8.947481862447981	9.752662976441835	10.141636077636043	9.057443830497029	8.15855210643677
FBgn0262737	mub	mushroom-body expressed	BP_function	9.256275998310016	8.283573724943727	7.388372170243497	7.642971226354695	11.205919325138346	11.010152215050903	10.68992542560946	10.029521232744905	10.772549008687358	10.645538633450771	10.644315975849993	9.831659788477495
FBgn0263198	Acn	Acinus	BP_function;CC_component	10.781933127343438	9.675368983810122	9.208731617823052	9.158162182771605	9.510317314267935	9.459379846218683	9.409314115800333	9.28999166088006	9.511378026551112	9.70065581959153	8.984264501823908	8.563304852314905
FBgn0263396	sqd	squid	BP_function;CC_component	12.52909591473181	12.336684837304682	11.710916943191204	10.103855096230076	11.265883998968443	11.166390803180178	11.015655143187198	10.715231628761794	10.887098775576433	10.37725271652928	9.974520601488985	10.442417185660362
FBgn0263594	lost	lost	BP_function;CC_component	11.43858337965125	12.324404288270316	12.589607695901602	11.0474380292342	11.460194359499205	11.254791791648145	11.5069176125849	11.276099905713073	11.063992687496969	11.032567421167215	11.123260618674548	11.372421162371879
FBgn0263599	Brr2	Brr2 U5 snRNP complex subunit	BP_function;CC_component	10.284136168678438	9.26467061056044	9.30957454823288	9.444823756781377	9.278853754188217	9.174545446389354	9.079263627908988	9.084609246949961	9.285400344309894	9.415516298281025	8.537539197382975	8.147977498218156
FBgn0263603	Zn72D	Zinc-finger protein at 72D	BP_function;CC_component	10.358028180485016	9.693464535767536	9.297839583327798	9.308611471166422	9.562252200044377	9.435072273279001	9.353756882659644	9.153529462419383	9.496327151721742	9.855098963440426	9.111638418918856	8.864723840906464
FBgn0263829	CG34334		BP_function	4.435040848498879	4.087379039712932	4.087379039712932	5.3946812414014405	5.587668905416368	5.5374490142331565	5.336046577397859	5.640225988490964	5.3686660014807375	5.4446692633015585	5.672724972808495	6.032151027073291
FBgn0264001	bru3	bruno 3	BP_function	8.704394514718773	8.197189437190936	7.730804244544605	8.374701188175981	6.9852403509141965	7.060360096153963	7.151979031990643	7.202747037268515	6.926693848996545	6.702846752316845	7.481415512471291	7.620863389402497
FBgn0264270	Sxl	Sex lethal	BP_function	10.727092378603908	8.817491317693927	8.135694724258503	7.529975781640278	8.979859064161378	8.751004184710602	8.363704065360363	8.440004883516522	8.059869968827432	6.828821577320729	7.150383578067054	8.12378123022569
FBgn0264491	how	held out wings	BP_function	10.99899817041313	8.94391192875285	8.436737573116215	7.155067048935786	9.527296152405938	9.738198170095409	9.68453619240861	8.935033720092086	8.786027465179115	8.042795487033471	8.698311449071568	8.449584271994196
FBgn0265184	miso	minor splicing and oogenesis	BP_function	5.97387475187314	5.515149376720648	5.480540487800248	4.687886633506821	5.781680025496658	5.457397422627214	5.062167377506552	5.513853684144304	5.622226022026229	5.287010907363121	5.393885328499599	5.39849934901044
FBgn0265297	pAbp	poly(A) binding protein	BP_function;CC_component	13.775362749677436	13.670225178776738	13.802564644428347	12.30567881891776	13.230681016832762	13.033727222322872	12.925107289941797	12.514001951366234	12.209937802208435	11.561354148168116	12.509857187785215	13.152363923619601
FBgn0265298	SC35	SR family splicing factor SC35	BP_function	11.167062332309783	10.474311385419696	10.609967688864415	10.46274454808637	9.725889241052402	9.607382877330311	9.681515773999541	9.69586226190503	10.0331868270224	10.348548902253205	9.712319525226343	8.74585671861626
FBgn0265487	mbl	muscleblind	BP_function	9.6980190404334	8.589779297791027	9.509331534632516	7.7874504567362814	9.856561586210569	9.692754671435535	9.686103762011088	9.090564116583996	8.45689765369879	8.270167890461813	9.55884537916902	8.776359065966199
FBgn0265574	Cdc5	Cell division cycle 5	BP_function;CC_component	8.587325580135657	8.34797524335325	8.161899833226368	8.17973464819074	8.430076711155907	8.39666711990152	8.318918427453335	7.918124276431146	8.351308402920287	8.751250010329281	8.038935871888055	7.659864811208746
FBgn0265998	Doa	Darkener of apricot	BP_function	10.565882187170763	9.134896225959286	9.249919756975334	8.534718742936018	11.829058474660917	11.37319220110489	10.449520669888829	9.852929188059148	10.789464452115661	9.091060797660775	9.567261358941023	8.76410218460656
FBgn0266599	Hsc70-4	Heat shock protein 70 cognate 4	BP_function;CC_component	14.66350726452024	15.614170414982793	15.984162164186694	14.38235224480066	15.112330205427595	14.912466461394756	14.700768538819695	14.07903957651016	14.643185023604891	14.764992901651416	14.295720429875745	14.105081540185386
FBgn0266917	Sf3a1	Splicing factor 3a subunit 1	BP_function;CC_component	9.259701773060824	8.52039920103799	8.715205228933428	8.856858677513005	8.698742662942434	8.700750790550005	8.668135950256179	8.351070485474354	8.85433296111655	9.355148793287517	8.325462194558328	7.667344026028455
FBgn0267791	HnRNP-K	Heterogeneous nuclear ribonucleoprotein K	BP_function	11.52813076328914	9.84684906569908	9.70264553080987	10.35823286617009	10.481158694794969	10.293537941172433	10.247348752230728	10.038541401086562	10.517422081614788	10.734487455213104	10.061047129060777	9.332204185716328
FBgn0283477	SF2	Splicing factor 2	BP_function;CC_component	11.569134216447212	10.70804267749686	10.516924947728455	10.832589425099032	10.686608331559457	10.793705124168843	10.665606064685818	10.51590904257924	10.986667818845481	10.905278612117618	10.245687028977946	9.61831341756118
FBgn0285926	Imp	IGF-II mRNA-binding protein	BP_function;CC_component	11.380289518249336	9.07745808226497	8.673392122073283	6.6413453826794	8.497698487069473	8.411204006049166	8.545773768547283	8.193993234553345	7.139785559725019	6.4523666941407845	7.353543870686486	9.32995788826524
FBgn0285954	caz	cabeza	BP_function;CC_component	11.186939624934823	10.633871740265835	9.140277997341007	10.806347965463685	10.466229113807866	10.317337505536257	10.198039632006221	10.026066485408249	10.16416250446725	10.749730724186895	9.8777846043753	8.520897540414294
FBgn0286786	hoip	hoi-polloi	BP_function;CC_component	10.563723106500044	12.444414656837804	11.585503324551064	9.68381007656955	8.407613745341388	8.053077821183072	7.728384451431005	8.420560120354608	9.131305512595276	8.828310297802176	8.673264823330157	7.5508190805291475
